shipment_id,order_id,status,shipped_at,delivered_at
S0001,O0001,pending,2025-04-10,
S0002,O0002,delivered,2025-06-30,2025-06-30
S0003,O0003,returned,2025-05-01,
S0004,O0004,shipped,2025-04-30,
S0005,O0005,returned,2025-06-21,
S0006,O0006,delivered,2025-04-26,2025-04-28
S0007,O0007,returned,2025-03-24,
S0008,O0008,delivered,2025-06-07,2025-06-15
S0009,O0009,pending,2025-03-19,
S0010,O0010,delivered,2025-02-13,2025-02-16
S0011,O0011,pending,2025-02-08,
S0012,O0012,delivered,2025-01-02,2025-01-12
S0013,O0013,shipped,2025-01-20,
S0014,O0014,pending,2025-01-19,
S0015,O0015,shipped,2025-06-29,
S0016,O0016,delivered,2025-06-30,2025-06-30
S0017,O0017,pending,2025-04-14,
S0018,O0018,pending,2025-02-27,
S0019,O0019,shipped,2025-06-13,
S0020,O0020,delivered,2025-01-29,2025-01-31
S0021,O0021,pending,2025-04-15,
S0022,O0022,returned,2025-05-13,
S0023,O0023,shipped,2025-01-15,
S0024,O0024,returned,2025-05-04,
S0025,O0025,shipped,2025-05-12,
S0026,O0026,shipped,2025-05-07,
S0027,O0027,returned,2025-05-12,
S0028,O0028,pending,2025-01-30,
S0029,O0029,shipped,2025-01-11,
S0030,O0030,shipped,2025-05-06,
S0031,O0031,pending,2025-04-07,
S0032,O0032,delivered,2025-03-30,2025-04-05
S0033,O0033,returned,2025-03-21,
S0034,O0034,delivered,2025-06-18,2025-06-23
S0035,O0035,shipped,2025-01-28,
S0036,O0036,returned,2025-06-19,
S0037,O0037,returned,2025-04-20,
S0038,O0038,pending,2025-05-08,
S0039,O0039,pending,2025-06-22,
S0040,O0040,shipped,2025-03-24,
S0041,O0041,delivered,2025-02-22,2025-02-23
S0042,O0042,pending,2025-01-16,
S0043,O0043,returned,2025-05-27,
S0044,O0044,pending,2025-03-31,
S0045,O0045,delivered,2025-03-30,2025-04-07
S0046,O0046,pending,2025-03-02,
S0047,O0047,delivered,2025-05-30,2025-06-05
S0048,O0048,pending,2025-05-30,
S0049,O0049,pending,2025-06-04,
S0050,O0050,shipped,2025-06-20,
S0051,O0051,returned,2025-04-18,
S0052,O0052,pending,2025-01-01,
S0053,O0053,returned,2025-02-05,
S0054,O0054,pending,2025-01-20,
S0055,O0055,shipped,2025-02-08,
S0056,O0056,pending,2025-02-02,
S0057,O0057,pending,2025-05-07,
S0058,O0058,delivered,2025-01-25,2025-02-01
S0059,O0059,pending,2025-02-14,
S0060,O0060,shipped,2025-05-25,
S0061,O0061,delivered,2025-03-09,2025-03-18
S0062,O0062,pending,2025-05-23,
S0063,O0063,pending,2025-05-20,
S0064,O0064,pending,2025-03-06,
S0065,O0065,shipped,2025-03-28,
S0066,O0066,shipped,2025-04-08,
S0067,O0067,delivered,2025-03-24,2025-03-31
S0068,O0068,shipped,2025-04-21,
S0069,O0069,shipped,2025-04-22,
S0070,O0070,delivered,2025-04-27,2025-05-01
S0071,O0071,delivered,2025-03-17,2025-03-26
S0072,O0072,shipped,2025-04-05,
S0073,O0073,pending,2025-02-21,
S0074,O0074,shipped,2025-02-16,
S0075,O0075,returned,2025-04-12,
S0076,O0076,shipped,2025-05-09,
S0077,O0077,returned,2025-03-02,
S0078,O0078,pending,2025-03-31,
S0079,O0079,returned,2025-05-24,
S0080,O0080,returned,2025-03-16,
S0081,O0081,delivered,2025-06-02,2025-06-07
S0082,O0082,delivered,2025-03-08,2025-03-09
S0083,O0083,pending,2025-02-12,
S0084,O0084,pending,2025-01-26,
S0085,O0085,pending,2025-06-25,
S0086,O0086,shipped,2025-05-26,
S0087,O0087,returned,2025-02-02,
S0088,O0088,returned,2025-04-14,
S0089,O0089,delivered,2025-05-02,2025-05-04
S0090,O0090,returned,2025-06-19,
S0091,O0091,shipped,2025-02-24,
S0092,O0092,shipped,2025-04-21,
S0093,O0093,delivered,2025-01-16,2025-01-22
S0094,O0094,delivered,2025-04-22,2025-04-28
S0095,O0095,pending,2025-06-03,
S0096,O0096,delivered,2025-03-23,2025-03-26
S0097,O0097,returned,2025-05-25,
S0098,O0098,delivered,2025-02-11,2025-02-13
S0099,O0099,pending,2025-05-12,
S0100,O0100,returned,2025-03-17,
S0101,O0101,shipped,2025-04-02,
S0102,O0102,shipped,2025-05-26,
S0103,O0103,delivered,2025-02-05,2025-02-06
S0104,O0104,returned,2025-06-14,
S0105,O0105,shipped,2025-02-12,
S0106,O0106,shipped,2025-04-01,
S0107,O0107,shipped,2025-06-03,
S0108,O0108,returned,2025-04-25,
S0109,O0109,delivered,2025-03-18,2025-03-24
S0110,O0110,shipped,2025-03-07,
S0111,O0111,delivered,2025-05-16,2025-05-25
S0112,O0112,returned,2025-06-27,
S0113,O0113,pending,2025-03-06,
S0114,O0114,delivered,2025-04-04,2025-04-11
S0115,O0115,returned,2025-05-29,
S0116,O0116,shipped,2025-04-24,
S0117,O0117,returned,2025-04-01,
S0118,O0118,shipped,2025-05-08,
S0119,O0119,delivered,2025-05-27,2025-06-01
S0120,O0120,shipped,2025-01-05,
S0121,O0121,delivered,2025-03-27,2025-03-30
S0122,O0122,pending,2025-05-31,
S0123,O0123,returned,2025-06-10,
S0124,O0124,shipped,2025-06-15,
S0125,O0125,pending,2025-05-02,
S0126,O0126,returned,2025-06-28,
S0127,O0127,shipped,2025-06-21,
S0128,O0128,pending,2025-05-10,
S0129,O0129,pending,2025-04-02,
S0130,O0130,shipped,2025-01-16,
S0131,O0131,shipped,2025-06-08,
S0132,O0132,delivered,2025-04-13,2025-04-18
S0133,O0133,returned,2025-04-14,
S0134,O0134,returned,2025-04-11,
S0135,O0135,delivered,2025-01-19,2025-01-25
S0136,O0136,shipped,2025-05-07,
S0137,O0137,delivered,2025-06-15,2025-06-24
S0138,O0138,pending,2025-06-29,
S0139,O0139,shipped,2025-05-24,
S0140,O0140,shipped,2025-04-25,
S0141,O0141,pending,2025-02-04,
S0142,O0142,shipped,2025-06-02,
S0143,O0143,delivered,2025-02-27,2025-03-03
S0144,O0144,returned,2025-03-24,
S0145,O0145,pending,2025-06-27,
S0146,O0146,pending,2025-06-12,
S0147,O0147,delivered,2025-06-05,2025-06-14
S0148,O0148,shipped,2025-05-05,
S0149,O0149,shipped,2025-03-23,
S0150,O0150,pending,2025-04-30,
S0151,O0151,pending,2025-05-01,
S0152,O0152,returned,2025-04-06,
S0153,O0153,shipped,2025-05-07,
S0154,O0154,pending,2025-06-12,
S0155,O0155,pending,2025-01-01,
S0156,O0156,returned,2025-05-20,
S0157,O0157,delivered,2025-01-24,2025-02-03
S0158,O0158,pending,2025-06-02,
S0159,O0159,delivered,2025-02-14,2025-02-20
S0160,O0160,shipped,2025-06-17,
S0161,O0161,delivered,2025-05-05,2025-05-14
S0162,O0162,delivered,2025-04-29,2025-05-09
S0163,O0163,returned,2025-02-27,
S0164,O0164,delivered,2025-05-19,2025-05-24
S0165,O0165,delivered,2025-05-31,2025-06-04
S0166,O0166,pending,2025-05-01,
S0167,O0167,shipped,2025-03-04,
S0168,O0168,pending,2025-05-12,
S0169,O0169,shipped,2025-02-26,
S0170,O0170,shipped,2025-01-01,
S0171,O0171,pending,2025-04-10,
S0172,O0172,pending,2025-01-23,
S0173,O0173,delivered,2025-01-12,2025-01-21
S0174,O0174,pending,2025-06-25,
S0175,O0175,pending,2025-05-20,
S0176,O0176,shipped,2025-01-10,
S0177,O0177,delivered,2025-01-19,2025-01-27
S0178,O0178,pending,2025-05-26,
S0179,O0179,returned,2025-06-02,
S0180,O0180,returned,2025-02-05,
S0181,O0181,shipped,2025-02-05,
S0182,O0182,shipped,2025-06-04,
S0183,O0183,pending,2025-03-30,
S0184,O0184,delivered,2025-03-08,2025-03-17
S0185,O0185,returned,2025-06-14,
S0186,O0186,returned,2025-01-27,
S0187,O0187,pending,2025-04-09,
S0188,O0188,delivered,2025-06-09,2025-06-12
S0189,O0189,pending,2025-06-26,
S0190,O0190,shipped,2025-04-20,
S0191,O0191,pending,2025-03-02,
S0192,O0192,shipped,2025-03-27,
S0193,O0193,shipped,2025-05-22,
S0194,O0194,pending,2025-03-23,
S0195,O0195,pending,2025-03-12,
S0196,O0196,shipped,2025-02-22,
S0197,O0197,returned,2025-02-15,
S0198,O0198,pending,2025-03-30,
S0199,O0199,shipped,2025-02-11,
S0200,O0200,delivered,2025-04-12,2025-04-19
S0201,O0201,shipped,2025-02-26,
S0202,O0202,pending,2025-03-09,
S0203,O0203,returned,2025-04-29,
S0204,O0204,delivered,2025-04-24,2025-04-29
S0205,O0205,delivered,2025-02-21,2025-03-02
S0206,O0206,shipped,2025-03-09,
S0207,O0207,delivered,2025-05-16,2025-05-21
S0208,O0208,delivered,2025-03-05,2025-03-13
S0209,O0209,shipped,2025-04-20,
S0210,O0210,pending,2025-03-19,
S0211,O0211,shipped,2025-06-26,
S0212,O0212,delivered,2025-03-28,2025-03-29
S0213,O0213,returned,2025-02-04,
S0214,O0214,delivered,2025-06-01,2025-06-05
S0215,O0215,returned,2025-05-27,
S0216,O0216,returned,2025-05-12,
S0217,O0217,returned,2025-04-18,
S0218,O0218,shipped,2025-03-03,
S0219,O0219,returned,2025-04-03,
S0220,O0220,delivered,2025-06-02,2025-06-12
S0221,O0221,delivered,2025-04-28,2025-05-02
S0222,O0222,delivered,2025-01-18,2025-01-21
S0223,O0223,returned,2025-03-04,
S0224,O0224,pending,2025-04-04,
S0225,O0225,shipped,2025-06-05,
S0226,O0226,delivered,2025-01-17,2025-01-21
S0227,O0227,delivered,2025-02-05,2025-02-11
S0228,O0228,delivered,2025-05-19,2025-05-25
S0229,O0229,returned,2025-01-15,
S0230,O0230,returned,2025-06-28,
S0231,O0231,shipped,2025-05-13,
S0232,O0232,shipped,2025-05-14,
S0233,O0233,shipped,2025-04-06,
S0234,O0234,shipped,2025-06-15,
S0235,O0235,returned,2025-05-02,
S0236,O0236,shipped,2025-03-23,
S0237,O0237,returned,2025-02-21,
S0238,O0238,shipped,2025-01-24,
S0239,O0239,returned,2025-03-16,
S0240,O0240,pending,2025-01-12,
S0241,O0241,pending,2025-04-18,
S0242,O0242,delivered,2025-06-27,2025-06-29
S0243,O0243,shipped,2025-01-07,
S0244,O0244,delivered,2025-02-04,2025-02-07
S0245,O0245,shipped,2025-05-22,
S0246,O0246,pending,2025-04-25,
S0247,O0247,shipped,2025-03-23,
S0248,O0248,pending,2025-06-18,
S0249,O0249,returned,2025-06-19,
S0250,O0250,pending,2025-01-20,
S0251,O0251,pending,2025-01-01,
S0252,O0252,pending,2025-01-30,
S0253,O0253,shipped,2025-03-22,
S0254,O0254,pending,2025-01-19,
S0255,O0255,shipped,2025-01-26,
S0256,O0256,shipped,2025-06-24,
S0257,O0257,pending,2025-05-17,
S0258,O0258,shipped,2025-03-09,
S0259,O0259,pending,2025-05-17,
S0260,O0260,delivered,2025-04-09,2025-04-14
S0261,O0261,pending,2025-01-23,
S0262,O0262,pending,2025-05-25,
S0263,O0263,delivered,2025-04-15,2025-04-21
S0264,O0264,pending,2025-03-30,
S0265,O0265,shipped,2025-06-16,
S0266,O0266,shipped,2025-01-25,
S0267,O0267,delivered,2025-06-18,2025-06-25
S0268,O0268,pending,2025-06-28,
S0269,O0269,pending,2025-06-29,
S0270,O0270,shipped,2025-05-10,
S0271,O0271,returned,2025-02-24,
S0272,O0272,returned,2025-01-16,
S0273,O0273,pending,2025-06-26,
S0274,O0274,pending,2025-02-09,
S0275,O0275,returned,2025-01-06,
S0276,O0276,pending,2025-06-09,
S0277,O0277,returned,2025-06-17,
S0278,O0278,delivered,2025-02-04,2025-02-09
S0279,O0279,pending,2025-05-01,
S0280,O0280,delivered,2025-02-10,2025-02-16
S0281,O0281,pending,2025-02-22,
S0282,O0282,delivered,2025-04-24,2025-04-29
S0283,O0283,returned,2025-02-15,
S0284,O0284,returned,2025-03-02,
S0285,O0285,shipped,2025-01-10,
S0286,O0286,shipped,2025-02-05,
S0287,O0287,returned,2025-05-18,
S0288,O0288,delivered,2025-05-28,2025-06-01
S0289,O0289,pending,2025-04-27,
S0290,O0290,returned,2025-04-09,
S0291,O0291,pending,2025-02-21,
S0292,O0292,delivered,2025-03-29,2025-04-07
S0293,O0293,shipped,2025-01-10,
S0294,O0294,pending,2025-01-08,
S0295,O0295,shipped,2025-03-18,
S0296,O0296,shipped,2025-06-16,
S0297,O0297,pending,2025-06-25,
S0298,O0298,pending,2025-06-29,
S0299,O0299,shipped,2025-04-21,
S0300,O0300,returned,2025-01-18,
S0301,O0301,pending,2025-01-06,
S0302,O0302,shipped,2025-04-14,
S0303,O0303,shipped,2025-02-16,
S0304,O0304,returned,2025-01-09,
S0305,O0305,pending,2025-06-30,
S0306,O0306,shipped,2025-05-25,
S0307,O0307,delivered,2025-05-23,2025-06-02
S0308,O0308,returned,2025-03-28,
S0309,O0309,shipped,2025-04-11,
S0310,O0310,pending,2025-01-14,
S0311,O0311,shipped,2025-06-19,
S0312,O0312,returned,2025-05-10,
S0313,O0313,returned,2025-06-20,
S0314,O0314,delivered,2025-03-05,2025-03-14
S0315,O0315,pending,2025-06-14,
S0316,O0316,returned,2025-03-21,
S0317,O0317,delivered,2025-04-23,2025-04-27
S0318,O0318,delivered,2025-06-13,2025-06-17
S0319,O0319,pending,2025-03-11,
S0320,O0320,shipped,2025-05-31,
S0321,O0321,pending,2025-03-04,
S0322,O0322,shipped,2025-04-21,
S0323,O0323,shipped,2025-01-24,
S0324,O0324,returned,2025-03-18,
S0325,O0325,returned,2025-06-17,
S0326,O0326,shipped,2025-02-19,
S0327,O0327,delivered,2025-01-18,2025-01-19
S0328,O0328,delivered,2025-04-05,2025-04-07
S0329,O0329,delivered,2025-06-18,2025-06-25
S0330,O0330,shipped,2025-06-10,
S0331,O0331,pending,2025-06-07,
S0332,O0332,delivered,2025-05-07,2025-05-15
S0333,O0333,pending,2025-06-14,
S0334,O0334,delivered,2025-05-21,2025-05-22
S0335,O0335,pending,2025-05-03,
S0336,O0336,pending,2025-03-19,
S0337,O0337,delivered,2025-03-09,2025-03-16
S0338,O0338,shipped,2025-03-01,
S0339,O0339,shipped,2025-04-12,
S0340,O0340,shipped,2025-05-12,
S0341,O0341,pending,2025-05-28,
S0342,O0342,delivered,2025-04-26,2025-04-28
S0343,O0343,shipped,2025-02-07,
S0344,O0344,pending,2025-02-10,
S0345,O0345,returned,2025-01-31,
S0346,O0346,delivered,2025-03-11,2025-03-18
S0347,O0347,delivered,2025-03-29,2025-04-03
S0348,O0348,shipped,2025-05-26,
S0349,O0349,shipped,2025-01-14,
S0350,O0350,pending,2025-05-28,
S0351,O0351,delivered,2025-01-08,2025-01-18
S0352,O0352,pending,2025-01-24,
S0353,O0353,returned,2025-05-05,
S0354,O0354,pending,2025-06-21,
S0355,O0355,shipped,2025-06-29,
S0356,O0356,shipped,2025-06-29,
S0357,O0357,pending,2025-03-01,
S0358,O0358,returned,2025-05-29,
S0359,O0359,delivered,2025-02-27,2025-03-05
S0360,O0360,pending,2025-03-20,
S0361,O0361,returned,2025-06-02,
S0362,O0362,shipped,2025-05-21,
S0363,O0363,delivered,2025-02-22,2025-03-03
S0364,O0364,returned,2025-01-13,
S0365,O0365,returned,2025-04-04,
S0366,O0366,delivered,2025-03-04,2025-03-13
S0367,O0367,shipped,2025-05-30,
S0368,O0368,pending,2025-05-02,
S0369,O0369,returned,2025-01-07,
S0370,O0370,shipped,2025-01-07,
S0371,O0371,returned,2025-05-02,
S0372,O0372,pending,2025-01-24,
S0373,O0373,returned,2025-03-01,
S0374,O0374,shipped,2025-02-04,
S0375,O0375,returned,2025-03-25,
S0376,O0376,returned,2025-06-08,
S0377,O0377,shipped,2025-03-15,
S0378,O0378,shipped,2025-03-02,
S0379,O0379,delivered,2025-02-28,2025-03-10
S0380,O0380,returned,2025-04-07,
S0381,O0381,pending,2025-05-24,
S0382,O0382,delivered,2025-04-05,2025-04-09
S0383,O0383,pending,2025-02-12,
S0384,O0384,pending,2025-05-19,
S0385,O0385,delivered,2025-06-04,2025-06-13
S0386,O0386,pending,2025-01-23,
S0387,O0387,shipped,2025-05-01,
S0388,O0388,shipped,2025-05-11,
S0389,O0389,pending,2025-06-06,
S0390,O0390,delivered,2025-06-03,2025-06-11
S0391,O0391,returned,2025-01-04,
S0392,O0392,delivered,2025-02-25,2025-03-01
S0393,O0393,delivered,2025-01-04,2025-01-05
S0394,O0394,returned,2025-04-10,
S0395,O0395,shipped,2025-01-17,
S0396,O0396,pending,2025-04-25,
S0397,O0397,returned,2025-02-03,
S0398,O0398,shipped,2025-01-06,
S0399,O0399,pending,2025-03-03,
S0400,O0400,shipped,2025-03-25,
S0401,O0401,delivered,2025-04-26,2025-04-30
S0402,O0402,shipped,2025-04-04,
S0403,O0403,pending,2025-03-15,
S0404,O0404,delivered,2025-02-26,2025-03-03
S0405,O0405,pending,2025-03-29,
S0406,O0406,shipped,2025-04-08,
S0407,O0407,pending,2025-05-01,
S0408,O0408,pending,2025-04-04,
S0409,O0409,returned,2025-04-13,
S0410,O0410,pending,2025-01-15,
S0411,O0411,shipped,2025-06-30,
S0412,O0412,returned,2025-05-04,
S0413,O0413,returned,2025-03-12,
S0414,O0414,delivered,2025-04-22,2025-04-24
S0415,O0415,pending,2025-06-25,
S0416,O0416,shipped,2025-01-13,
S0417,O0417,returned,2025-04-17,
S0418,O0418,returned,2025-04-07,
S0419,O0419,delivered,2025-04-05,2025-04-15
S0420,O0420,returned,2025-03-13,
S0421,O0421,delivered,2025-04-29,2025-05-07
S0422,O0422,shipped,2025-06-23,
S0423,O0423,shipped,2025-03-19,
S0424,O0424,shipped,2025-01-25,
S0425,O0425,delivered,2025-04-24,2025-04-28
S0426,O0426,returned,2025-05-07,
S0427,O0427,returned,2025-04-17,
S0428,O0428,pending,2025-01-01,
S0429,O0429,returned,2025-02-27,
S0430,O0430,returned,2025-04-10,
S0431,O0431,returned,2025-05-13,
S0432,O0432,pending,2025-03-15,
S0433,O0433,returned,2025-01-09,
S0434,O0434,shipped,2025-06-05,
S0435,O0435,delivered,2025-06-02,2025-06-10
S0436,O0436,shipped,2025-02-12,
S0437,O0437,returned,2025-01-24,
S0438,O0438,shipped,2025-03-25,
S0439,O0439,returned,2025-06-15,
S0440,O0440,shipped,2025-05-03,
S0441,O0441,returned,2025-02-02,
S0442,O0442,delivered,2025-04-11,2025-04-13
S0443,O0443,shipped,2025-03-04,
S0444,O0444,returned,2025-04-19,
S0445,O0445,returned,2025-02-06,
S0446,O0446,shipped,2025-03-21,
S0447,O0447,delivered,2025-01-02,2025-01-06
S0448,O0448,shipped,2025-05-06,
S0449,O0449,pending,2025-06-06,
S0450,O0450,pending,2025-03-31,
S0451,O0451,shipped,2025-04-12,
S0452,O0452,returned,2025-06-13,
S0453,O0453,pending,2025-03-28,
S0454,O0454,delivered,2025-02-02,2025-02-07
S0455,O0455,shipped,2025-04-26,
S0456,O0456,shipped,2025-04-12,
S0457,O0457,returned,2025-04-05,
S0458,O0458,shipped,2025-06-24,
S0459,O0459,delivered,2025-04-10,2025-04-11
S0460,O0460,delivered,2025-02-10,2025-02-20
S0461,O0461,delivered,2025-03-19,2025-03-28
S0462,O0462,delivered,2025-05-11,2025-05-15
S0463,O0463,delivered,2025-03-24,2025-03-29
S0464,O0464,returned,2025-06-25,
S0465,O0465,returned,2025-04-10,
S0466,O0466,returned,2025-04-12,
S0467,O0467,delivered,2025-05-10,2025-05-19
S0468,O0468,shipped,2025-05-12,
S0469,O0469,shipped,2025-04-03,
S0470,O0470,delivered,2025-04-03,2025-04-05
S0471,O0471,pending,2025-05-18,
S0472,O0472,delivered,2025-06-20,2025-06-28
S0473,O0473,pending,2025-02-23,
S0474,O0474,pending,2025-04-07,
S0475,O0475,delivered,2025-05-15,2025-05-24
S0476,O0476,returned,2025-04-17,
S0477,O0477,shipped,2025-04-28,
S0478,O0478,pending,2025-04-06,
S0479,O0479,pending,2025-01-26,
S0480,O0480,returned,2025-01-15,
S0481,O0481,returned,2025-03-11,
S0482,O0482,delivered,2025-03-01,2025-03-05
S0483,O0483,shipped,2025-05-30,
S0484,O0484,pending,2025-06-02,
S0485,O0485,pending,2025-02-10,
S0486,O0486,shipped,2025-02-05,
S0487,O0487,pending,2025-05-06,
S0488,O0488,delivered,2025-03-26,2025-04-01
S0489,O0489,delivered,2025-04-22,2025-04-26
S0490,O0490,shipped,2025-06-01,
S0491,O0491,delivered,2025-05-12,2025-05-13
S0492,O0492,shipped,2025-06-05,
S0493,O0493,delivered,2025-05-14,2025-05-17
S0494,O0494,returned,2025-03-22,
S0495,O0495,shipped,2025-06-24,
S0496,O0496,returned,2025-05-23,
S0497,O0497,pending,2025-04-12,
S0498,O0498,pending,2025-02-17,
S0499,O0499,pending,2025-06-03,
S0500,O0500,pending,2025-05-08,
S0501,O0501,delivered,2025-04-04,2025-04-07
S0502,O0502,shipped,2025-05-04,
S0503,O0503,delivered,2025-02-17,2025-02-18
S0504,O0504,pending,2025-04-16,
S0505,O0505,shipped,2025-06-09,
S0506,O0506,shipped,2025-03-21,
S0507,O0507,returned,2025-03-12,
S0508,O0508,delivered,2025-06-23,2025-06-30
S0509,O0509,pending,2025-03-02,
S0510,O0510,delivered,2025-04-02,2025-04-09
S0511,O0511,delivered,2025-04-20,2025-04-25
S0512,O0512,delivered,2025-01-09,2025-01-12
S0513,O0513,returned,2025-04-05,
S0514,O0514,returned,2025-05-05,
S0515,O0515,pending,2025-04-10,
S0516,O0516,returned,2025-06-29,
S0517,O0517,delivered,2025-02-15,2025-02-16
S0518,O0518,shipped,2025-03-05,
S0519,O0519,delivered,2025-05-29,2025-06-05
S0520,O0520,delivered,2025-04-27,2025-04-29
S0521,O0521,pending,2025-06-10,
S0522,O0522,delivered,2025-04-19,2025-04-29
S0523,O0523,pending,2025-02-20,
S0524,O0524,shipped,2025-02-23,
S0525,O0525,shipped,2025-04-21,
S0526,O0526,shipped,2025-03-25,
S0527,O0527,pending,2025-01-27,
S0528,O0528,shipped,2025-03-05,
S0529,O0529,pending,2025-03-25,
S0530,O0530,returned,2025-06-18,
S0531,O0531,shipped,2025-04-09,
S0532,O0532,delivered,2025-06-17,2025-06-21
S0533,O0533,shipped,2025-01-19,
S0534,O0534,delivered,2025-03-31,2025-04-06
S0535,O0535,delivered,2025-04-27,2025-04-29
S0536,O0536,returned,2025-03-22,
S0537,O0537,returned,2025-06-24,
S0538,O0538,pending,2025-03-26,
S0539,O0539,returned,2025-03-17,
S0540,O0540,returned,2025-01-05,
S0541,O0541,pending,2025-01-28,
S0542,O0542,returned,2025-03-31,
S0543,O0543,returned,2025-01-12,
S0544,O0544,pending,2025-05-12,
S0545,O0545,returned,2025-06-26,
S0546,O0546,delivered,2025-06-29,2025-06-30
S0547,O0547,shipped,2025-03-24,
S0548,O0548,shipped,2025-06-30,
S0549,O0549,shipped,2025-02-06,
S0550,O0550,delivered,2025-06-02,2025-06-04
S0551,O0551,shipped,2025-03-03,
S0552,O0552,pending,2025-05-20,
S0553,O0553,returned,2025-06-14,
S0554,O0554,delivered,2025-03-13,2025-03-16
S0555,O0555,shipped,2025-02-05,
S0556,O0556,pending,2025-04-07,
S0557,O0557,pending,2025-01-04,
S0558,O0558,returned,2025-01-29,
S0559,O0559,pending,2025-06-25,
S0560,O0560,pending,2025-01-19,
S0561,O0561,returned,2025-06-04,
S0562,O0562,delivered,2025-03-10,2025-03-19
S0563,O0563,pending,2025-02-10,
S0564,O0564,shipped,2025-02-11,
S0565,O0565,delivered,2025-02-26,2025-02-27
S0566,O0566,pending,2025-03-20,
S0567,O0567,pending,2025-03-30,
S0568,O0568,returned,2025-04-02,
S0569,O0569,shipped,2025-02-06,
S0570,O0570,pending,2025-01-28,
S0571,O0571,shipped,2025-04-15,
S0572,O0572,pending,2025-01-23,
S0573,O0573,delivered,2025-06-09,2025-06-12
S0574,O0574,delivered,2025-02-01,2025-02-07
S0575,O0575,shipped,2025-06-08,
S0576,O0576,delivered,2025-04-21,2025-05-01
S0577,O0577,pending,2025-03-21,
S0578,O0578,delivered,2025-01-10,2025-01-20
S0579,O0579,shipped,2025-03-12,
S0580,O0580,returned,2025-01-09,
S0581,O0581,shipped,2025-02-03,
S0582,O0582,returned,2025-01-14,
S0583,O0583,delivered,2025-04-18,2025-04-26
S0584,O0584,returned,2025-05-26,
S0585,O0585,returned,2025-02-23,
S0586,O0586,pending,2025-02-05,
S0587,O0587,returned,2025-04-27,
S0588,O0588,delivered,2025-04-19,2025-04-29
S0589,O0589,shipped,2025-05-29,
S0590,O0590,returned,2025-04-13,
S0591,O0591,shipped,2025-01-31,
S0592,O0592,returned,2025-05-16,
S0593,O0593,delivered,2025-04-02,2025-04-05
S0594,O0594,pending,2025-06-20,
S0595,O0595,shipped,2025-02-20,
S0596,O0596,pending,2025-05-20,
S0597,O0597,pending,2025-01-25,
S0598,O0598,delivered,2025-02-18,2025-02-23
S0599,O0599,returned,2025-01-07,
S0600,O0600,pending,2025-02-24,
S0601,O0601,returned,2025-04-25,
S0602,O0602,shipped,2025-01-03,
S0603,O0603,returned,2025-04-20,
S0604,O0604,pending,2025-01-28,
S0605,O0605,delivered,2025-01-20,2025-01-25
S0606,O0606,shipped,2025-04-24,
S0607,O0607,shipped,2025-04-14,
S0608,O0608,returned,2025-06-14,
S0609,O0609,shipped,2025-03-03,
S0610,O0610,shipped,2025-05-06,
S0611,O0611,returned,2025-02-28,
S0612,O0612,returned,2025-03-18,
S0613,O0613,returned,2025-02-20,
S0614,O0614,pending,2025-05-04,
S0615,O0615,delivered,2025-05-17,2025-05-21
S0616,O0616,pending,2025-01-05,
S0617,O0617,pending,2025-05-22,
S0618,O0618,delivered,2025-02-13,2025-02-20
S0619,O0619,delivered,2025-04-05,2025-04-10
S0620,O0620,shipped,2025-04-03,
S0621,O0621,pending,2025-03-20,
S0622,O0622,shipped,2025-02-01,
S0623,O0623,pending,2025-01-23,
S0624,O0624,pending,2025-03-02,
S0625,O0625,shipped,2025-03-24,
S0626,O0626,pending,2025-02-06,
S0627,O0627,returned,2025-03-17,
S0628,O0628,delivered,2025-02-24,2025-02-27
S0629,O0629,pending,2025-05-25,
S0630,O0630,delivered,2025-01-26,2025-02-01
S0631,O0631,returned,2025-01-16,
S0632,O0632,returned,2025-01-31,
S0633,O0633,delivered,2025-04-17,2025-04-19
S0634,O0634,returned,2025-03-20,
S0635,O0635,shipped,2025-01-07,
S0636,O0636,delivered,2025-04-29,2025-05-01
S0637,O0637,shipped,2025-05-24,
S0638,O0638,shipped,2025-06-23,
S0639,O0639,delivered,2025-06-04,2025-06-06
S0640,O0640,shipped,2025-01-25,
S0641,O0641,delivered,2025-05-10,2025-05-11
S0642,O0642,shipped,2025-02-21,
S0643,O0643,shipped,2025-02-01,
S0644,O0644,pending,2025-05-16,
S0645,O0645,delivered,2025-01-09,2025-01-15
S0646,O0646,returned,2025-03-11,
S0647,O0647,returned,2025-05-15,
S0648,O0648,shipped,2025-02-14,
S0649,O0649,delivered,2025-03-11,2025-03-17
S0650,O0650,pending,2025-05-14,
S0651,O0651,delivered,2025-02-19,2025-02-21
S0652,O0652,delivered,2025-01-01,2025-01-04
S0653,O0653,delivered,2025-01-22,2025-01-28
S0654,O0654,shipped,2025-02-06,
S0655,O0655,shipped,2025-04-30,
S0656,O0656,returned,2025-04-28,
S0657,O0657,shipped,2025-03-16,
S0658,O0658,returned,2025-03-21,
S0659,O0659,pending,2025-04-13,
S0660,O0660,pending,2025-01-24,
S0661,O0661,delivered,2025-04-02,2025-04-08
S0662,O0662,shipped,2025-01-15,
S0663,O0663,delivered,2025-05-29,2025-06-05
S0664,O0664,shipped,2025-04-26,
S0665,O0665,shipped,2025-05-15,
S0666,O0666,shipped,2025-01-11,
S0667,O0667,delivered,2025-06-15,2025-06-19
S0668,O0668,shipped,2025-04-19,
S0669,O0669,pending,2025-03-21,
S0670,O0670,delivered,2025-02-23,2025-02-27
S0671,O0671,shipped,2025-04-14,
S0672,O0672,delivered,2025-06-06,2025-06-15
S0673,O0673,delivered,2025-05-06,2025-05-12
S0674,O0674,returned,2025-04-15,
S0675,O0675,pending,2025-04-13,
S0676,O0676,delivered,2025-03-29,2025-03-30
S0677,O0677,pending,2025-05-15,
S0678,O0678,pending,2025-02-08,
S0679,O0679,delivered,2025-01-23,2025-01-27
S0680,O0680,returned,2025-03-14,
S0681,O0681,returned,2025-03-04,
S0682,O0682,shipped,2025-04-12,
S0683,O0683,returned,2025-02-12,
S0684,O0684,pending,2025-02-15,
S0685,O0685,returned,2025-04-07,
S0686,O0686,returned,2025-06-01,
S0687,O0687,delivered,2025-03-20,2025-03-28
S0688,O0688,shipped,2025-03-29,
S0689,O0689,delivered,2025-02-12,2025-02-21
S0690,O0690,pending,2025-01-08,
S0691,O0691,shipped,2025-04-25,
S0692,O0692,returned,2025-06-03,
S0693,O0693,delivered,2025-01-23,2025-01-29
S0694,O0694,pending,2025-02-19,
S0695,O0695,returned,2025-01-16,
S0696,O0696,delivered,2025-05-25,2025-06-04
S0697,O0697,delivered,2025-06-24,2025-06-30
S0698,O0698,returned,2025-06-29,
S0699,O0699,delivered,2025-01-20,2025-01-21
S0700,O0700,shipped,2025-06-29,
S0701,O0701,shipped,2025-03-01,
S0702,O0702,delivered,2025-04-06,2025-04-14
S0703,O0703,pending,2025-05-21,
S0704,O0704,delivered,2025-04-18,2025-04-28
S0705,O0705,delivered,2025-01-10,2025-01-13
S0706,O0706,delivered,2025-06-10,2025-06-13
S0707,O0707,shipped,2025-01-24,
S0708,O0708,pending,2025-01-31,
S0709,O0709,shipped,2025-02-14,
S0710,O0710,pending,2025-04-11,
S0711,O0711,returned,2025-05-09,
S0712,O0712,delivered,2025-01-08,2025-01-18
S0713,O0713,pending,2025-05-18,
S0714,O0714,returned,2025-02-28,
S0715,O0715,pending,2025-05-19,
S0716,O0716,delivered,2025-02-09,2025-02-12
S0717,O0717,delivered,2025-03-30,2025-04-05
S0718,O0718,shipped,2025-05-22,
S0719,O0719,shipped,2025-04-22,
S0720,O0720,returned,2025-01-04,
S0721,O0721,returned,2025-04-29,
S0722,O0722,returned,2025-06-22,
S0723,O0723,pending,2025-06-26,
S0724,O0724,delivered,2025-02-09,2025-02-16
S0725,O0725,delivered,2025-02-04,2025-02-09
S0726,O0726,shipped,2025-02-25,
S0727,O0727,pending,2025-01-03,
S0728,O0728,returned,2025-05-20,
S0729,O0729,delivered,2025-01-30,2025-02-06
S0730,O0730,returned,2025-05-01,
S0731,O0731,delivered,2025-04-11,2025-04-16
S0732,O0732,pending,2025-04-11,
S0733,O0733,returned,2025-06-13,
S0734,O0734,returned,2025-05-08,
S0735,O0735,shipped,2025-01-01,
S0736,O0736,pending,2025-02-22,
S0737,O0737,returned,2025-04-06,
S0738,O0738,returned,2025-02-13,
S0739,O0739,pending,2025-02-07,
S0740,O0740,delivered,2025-04-08,2025-04-10
S0741,O0741,shipped,2025-01-09,
S0742,O0742,delivered,2025-05-07,2025-05-17
S0743,O0743,delivered,2025-06-18,2025-06-26
S0744,O0744,pending,2025-05-25,
S0745,O0745,delivered,2025-03-21,2025-03-27
S0746,O0746,pending,2025-06-07,
S0747,O0747,delivered,2025-05-12,2025-05-20
S0748,O0748,shipped,2025-01-09,
S0749,O0749,delivered,2025-04-22,2025-05-01
S0750,O0750,pending,2025-02-14,
S0751,O0751,pending,2025-01-19,
S0752,O0752,pending,2025-05-06,
S0753,O0753,delivered,2025-02-14,2025-02-15
S0754,O0754,returned,2025-04-20,
S0755,O0755,pending,2025-03-22,
S0756,O0756,shipped,2025-02-22,
S0757,O0757,delivered,2025-06-14,2025-06-24
S0758,O0758,delivered,2025-06-13,2025-06-16
S0759,O0759,pending,2025-04-24,
S0760,O0760,returned,2025-06-20,
S0761,O0761,shipped,2025-05-18,
S0762,O0762,shipped,2025-01-08,
S0763,O0763,returned,2025-06-30,
S0764,O0764,delivered,2025-02-23,2025-03-03
S0765,O0765,pending,2025-04-05,
S0766,O0766,delivered,2025-01-13,2025-01-20
S0767,O0767,delivered,2025-04-18,2025-04-28
S0768,O0768,pending,2025-02-12,
S0769,O0769,shipped,2025-02-13,
S0770,O0770,shipped,2025-02-15,
S0771,O0771,returned,2025-04-24,
S0772,O0772,delivered,2025-04-04,2025-04-06
S0773,O0773,shipped,2025-01-16,
S0774,O0774,delivered,2025-05-07,2025-05-10
S0775,O0775,shipped,2025-02-27,
S0776,O0776,pending,2025-02-11,
S0777,O0777,pending,2025-06-12,
S0778,O0778,delivered,2025-03-17,2025-03-25
S0779,O0779,shipped,2025-04-16,
S0780,O0780,pending,2025-04-19,
S0781,O0781,shipped,2025-02-24,
S0782,O0782,shipped,2025-06-09,
S0783,O0783,returned,2025-05-31,
S0784,O0784,returned,2025-04-10,
S0785,O0785,shipped,2025-06-23,
S0786,O0786,delivered,2025-06-28,2025-06-30
S0787,O0787,shipped,2025-02-24,
S0788,O0788,shipped,2025-03-09,
S0789,O0789,delivered,2025-02-11,2025-02-15
S0790,O0790,pending,2025-02-21,
S0791,O0791,returned,2025-05-03,
S0792,O0792,shipped,2025-02-09,
S0793,O0793,shipped,2025-01-22,
S0794,O0794,delivered,2025-03-23,2025-04-01
S0795,O0795,returned,2025-04-19,
S0796,O0796,returned,2025-03-20,
S0797,O0797,pending,2025-02-04,
S0798,O0798,pending,2025-03-29,
S0799,O0799,returned,2025-02-09,
S0800,O0800,returned,2025-04-02,
S0801,O0801,shipped,2025-02-22,
S0802,O0802,delivered,2025-01-27,2025-02-01
S0803,O0803,delivered,2025-05-15,2025-05-24
S0804,O0804,pending,2025-06-06,
S0805,O0805,shipped,2025-05-24,
S0806,O0806,shipped,2025-04-24,
S0807,O0807,delivered,2025-01-15,2025-01-17
S0808,O0808,returned,2025-05-29,
S0809,O0809,returned,2025-04-26,
S0810,O0810,pending,2025-03-26,
S0811,O0811,pending,2025-01-29,
S0812,O0812,pending,2025-01-31,
S0813,O0813,shipped,2025-03-07,
S0814,O0814,delivered,2025-02-04,2025-02-13
S0815,O0815,returned,2025-03-13,
S0816,O0816,pending,2025-05-16,
S0817,O0817,returned,2025-04-10,
S0818,O0818,shipped,2025-06-15,
S0819,O0819,pending,2025-01-08,
S0820,O0820,delivered,2025-02-07,2025-02-15
S0821,O0821,delivered,2025-03-20,2025-03-27
S0822,O0822,delivered,2025-06-23,2025-06-25
S0823,O0823,shipped,2025-05-15,
S0824,O0824,delivered,2025-05-16,2025-05-23
S0825,O0825,returned,2025-02-13,
S0826,O0826,delivered,2025-02-20,2025-02-23
S0827,O0827,shipped,2025-06-19,
S0828,O0828,delivered,2025-03-21,2025-03-29
S0829,O0829,pending,2025-01-01,
S0830,O0830,delivered,2025-01-13,2025-01-14
S0831,O0831,delivered,2025-06-15,2025-06-25
S0832,O0832,shipped,2025-02-23,
S0833,O0833,pending,2025-05-03,
S0834,O0834,shipped,2025-05-19,
S0835,O0835,shipped,2025-03-27,
S0836,O0836,pending,2025-02-18,
S0837,O0837,shipped,2025-04-04,
S0838,O0838,pending,2025-04-01,
S0839,O0839,shipped,2025-04-18,
S0840,O0840,returned,2025-01-07,
S0841,O0841,shipped,2025-01-20,
S0842,O0842,shipped,2025-01-28,
S0843,O0843,delivered,2025-06-27,2025-06-30
S0844,O0844,returned,2025-02-10,
S0845,O0845,delivered,2025-03-22,2025-03-31
S0846,O0846,returned,2025-03-06,
S0847,O0847,pending,2025-06-05,
S0848,O0848,pending,2025-06-13,
S0849,O0849,returned,2025-04-01,
S0850,O0850,returned,2025-02-09,
S0851,O0851,shipped,2025-06-30,
S0852,O0852,pending,2025-06-07,
S0853,O0853,delivered,2025-01-20,2025-01-29
S0854,O0854,delivered,2025-02-08,2025-02-14
S0855,O0855,pending,2025-04-04,
S0856,O0856,pending,2025-02-07,
S0857,O0857,shipped,2025-02-22,
S0858,O0858,shipped,2025-01-16,
S0859,O0859,returned,2025-02-16,
S0860,O0860,returned,2025-06-21,
S0861,O0861,delivered,2025-01-17,2025-01-18
S0862,O0862,returned,2025-03-01,
S0863,O0863,delivered,2025-02-20,2025-03-01
S0864,O0864,returned,2025-05-27,
S0865,O0865,shipped,2025-03-05,
S0866,O0866,delivered,2025-04-22,2025-04-25
S0867,O0867,returned,2025-06-19,
S0868,O0868,returned,2025-04-30,
S0869,O0869,returned,2025-03-15,
S0870,O0870,pending,2025-04-18,
S0871,O0871,pending,2025-03-11,
S0872,O0872,pending,2025-06-29,
S0873,O0873,returned,2025-02-25,
S0874,O0874,shipped,2025-03-08,
S0875,O0875,pending,2025-02-20,
S0876,O0876,delivered,2025-04-11,2025-04-15
S0877,O0877,returned,2025-02-23,
S0878,O0878,pending,2025-04-13,
S0879,O0879,delivered,2025-04-05,2025-04-15
S0880,O0880,pending,2025-01-20,
S0881,O0881,shipped,2025-02-21,
S0882,O0882,delivered,2025-01-04,2025-01-09
S0883,O0883,returned,2025-04-01,
S0884,O0884,delivered,2025-05-12,2025-05-14
S0885,O0885,shipped,2025-01-24,
S0886,O0886,shipped,2025-04-09,
S0887,O0887,pending,2025-06-08,
S0888,O0888,shipped,2025-02-05,
S0889,O0889,returned,2025-01-13,
S0890,O0890,delivered,2025-06-06,2025-06-14
S0891,O0891,pending,2025-03-07,
S0892,O0892,shipped,2025-02-09,
S0893,O0893,shipped,2025-04-19,
S0894,O0894,pending,2025-03-12,
S0895,O0895,shipped,2025-06-29,
S0896,O0896,pending,2025-04-26,
S0897,O0897,returned,2025-03-18,
S0898,O0898,returned,2025-05-20,
S0899,O0899,delivered,2025-04-30,2025-05-03
S0900,O0900,shipped,2025-06-07,
S0901,O0901,shipped,2025-06-08,
S0902,O0902,shipped,2025-05-02,
S0903,O0903,returned,2025-03-17,
S0904,O0904,returned,2025-02-14,
S0905,O0905,returned,2025-04-20,
S0906,O0906,shipped,2025-05-10,
S0907,O0907,returned,2025-03-31,
S0908,O0908,delivered,2025-03-06,2025-03-16
S0909,O0909,delivered,2025-01-26,2025-02-02
S0910,O0910,pending,2025-02-08,
S0911,O0911,pending,2025-05-09,
S0912,O0912,delivered,2025-04-02,2025-04-11
S0913,O0913,shipped,2025-04-23,
S0914,O0914,delivered,2025-05-08,2025-05-13
S0915,O0915,pending,2025-04-10,
S0916,O0916,delivered,2025-02-19,2025-03-01
S0917,O0917,delivered,2025-01-30,2025-02-02
S0918,O0918,delivered,2025-06-05,2025-06-10
S0919,O0919,pending,2025-04-29,
S0920,O0920,returned,2025-01-12,
S0921,O0921,pending,2025-01-03,
S0922,O0922,shipped,2025-03-20,
S0923,O0923,delivered,2025-05-08,2025-05-16
S0924,O0924,pending,2025-03-24,
S0925,O0925,pending,2025-03-30,
S0926,O0926,shipped,2025-04-05,
S0927,O0927,delivered,2025-03-02,2025-03-03
S0928,O0928,pending,2025-06-23,
S0929,O0929,shipped,2025-06-07,
S0930,O0930,delivered,2025-05-19,2025-05-22
S0931,O0931,shipped,2025-06-04,
S0932,O0932,shipped,2025-01-16,
S0933,O0933,delivered,2025-03-26,2025-03-29
S0934,O0934,pending,2025-02-12,
S0935,O0935,delivered,2025-01-13,2025-01-22
S0936,O0936,delivered,2025-03-25,2025-03-26
S0937,O0937,pending,2025-05-25,
S0938,O0938,shipped,2025-06-10,
S0939,O0939,shipped,2025-04-14,
S0940,O0940,returned,2025-05-16,
S0941,O0941,pending,2025-01-09,
S0942,O0942,returned,2025-05-12,
S0943,O0943,returned,2025-01-28,
S0944,O0944,returned,2025-02-04,
S0945,O0945,shipped,2025-05-24,
S0946,O0946,shipped,2025-01-30,
S0947,O0947,delivered,2025-02-05,2025-02-07
S0948,O0948,delivered,2025-03-30,2025-04-09
S0949,O0949,shipped,2025-01-09,
S0950,O0950,pending,2025-02-10,
S0951,O0951,delivered,2025-05-18,2025-05-20
S0952,O0952,returned,2025-06-08,
S0953,O0953,delivered,2025-06-10,2025-06-11
S0954,O0954,pending,2025-05-01,
S0955,O0955,pending,2025-02-07,
S0956,O0956,pending,2025-04-27,
S0957,O0957,pending,2025-03-22,
S0958,O0958,delivered,2025-02-03,2025-02-11
S0959,O0959,pending,2025-01-28,
S0960,O0960,returned,2025-05-30,
S0961,O0961,shipped,2025-01-17,
S0962,O0962,returned,2025-04-04,
S0963,O0963,returned,2025-05-05,
S0964,O0964,shipped,2025-02-06,
S0965,O0965,delivered,2025-02-12,2025-02-13
S0966,O0966,delivered,2025-01-03,2025-01-12
S0967,O0967,pending,2025-05-12,
S0968,O0968,pending,2025-04-09,
S0969,O0969,shipped,2025-06-04,
S0970,O0970,pending,2025-04-16,
S0971,O0971,returned,2025-03-17,
S0972,O0972,delivered,2025-03-02,2025-03-04
S0973,O0973,delivered,2025-01-29,2025-02-06
S0974,O0974,pending,2025-06-10,
S0975,O0975,pending,2025-02-04,
S0976,O0976,returned,2025-01-10,
S0977,O0977,delivered,2025-02-18,2025-02-22
S0978,O0978,pending,2025-01-04,
S0979,O0979,pending,2025-01-23,
S0980,O0980,pending,2025-05-30,
S0981,O0981,delivered,2025-01-10,2025-01-14
S0982,O0982,returned,2025-01-18,
S0983,O0983,returned,2025-01-08,
S0984,O0984,shipped,2025-05-01,
S0985,O0985,pending,2025-04-24,
S0986,O0986,shipped,2025-03-26,
S0987,O0987,pending,2025-03-22,
S0988,O0988,returned,2025-03-31,
S0989,O0989,pending,2025-02-09,
S0990,O0990,delivered,2025-05-05,2025-05-13
S0991,O0991,returned,2025-01-10,
S0992,O0992,delivered,2025-03-07,2025-03-13
S0993,O0993,returned,2025-01-15,
S0994,O0994,returned,2025-04-16,
S0995,O0995,returned,2025-06-24,
S0996,O0996,returned,2025-04-02,
S0997,O0997,returned,2025-01-16,
S0998,O0998,pending,2025-03-02,
S0999,O0999,delivered,2025-03-24,2025-03-29
S1000,O1000,pending,2025-05-16,
